cycle,ambient_temperature,capacity,voltage_measured,current_measured,temperature_measured,current_load,voltage_load,time,RUL
1.0,29.4,2497.756,2.492796,4.040194,28.0,4.114246,2.494945,12.0,112.2850304879824
1.0,29.4,2495.482,2.504615,4.092466,28.0,4.244926,2.492796,14.0,112.2566836378003
1.0,29.4,2493.271,2.511062,3.979211,28.0,4.083754,2.503541,16.0,112.23805863154344
1.0,29.4,2491.017,2.492796,4.057618,28.0,4.040194,2.506764,18.0,112.28599536271784
1.0,29.4,2488.422,2.508913,4.671815,28.0,4.136027,2.492796,20.0,112.2743876272642
1.0,29.4,2486.075,2.492796,4.223146,28.0,3.961787,2.487424,22.0,112.29350238054586
1.0,29.4,2483.829,2.504615,4.04455,28.0,4.053262,2.497094,24.0,112.25625967768929
1.0,29.4,2481.511,2.503541,4.170875,28.0,4.144739,2.492796,26.0,112.26300649118026
1.0,29.4,2479.216,2.511062,4.131671,28.0,4.101178,2.492796,28.0,112.24348239710176
1.0,29.4,2476.969,2.499243,4.04455,28.0,4.323335,2.49387,30.0,112.26718761503383
1.0,29.4,2474.737,2.503541,4.018414,28.0,3.979211,2.500317,32.0,112.25841602652984
1.0,29.4,2472.492,2.490647,4.040194,28.0,4.005346,2.487424,34.0,112.29111212267853
1.0,29.4,2470.192,2.492796,4.140383,28.0,4.070686,2.477753,36.0,112.28912389595094
1.0,29.4,2467.909,2.499243,4.10989,28.0,4.227502,2.447668,38.0,112.27108366226103
1.0,29.4,2466.025,2.49602,3.391149,28.0,4.040194,2.49387,40.0,112.2595855716637
1.0,29.4,2463.782,2.544371,4.035838,28.0,4.057618,2.516435,42.0,112.16156307013144
1.0,29.4,2461.531,2.530403,4.053262,28.0,4.075042,2.503541,44.0,112.19439074010768
1.0,29.4,2459.197,2.494945,4.201366,28.0,4.101178,2.491722,46.0,112.28557140260682
1.0,29.4,2456.913,2.51536,4.10989,28.0,4.21879,2.498168,48.0,112.2309024772556
1.0,29.4,2454.55,2.50569,4.253638,28.0,4.005346,2.51536,50.0,112.2616103466767
1.0,29.4,2452.267,2.503541,4.10989,28.0,4.005346,2.504615,52.0,112.26115714793734
1.0,29.4,2449.976,2.483126,4.122958,28.0,4.092466,2.477753,54.0,112.31234667651528
1.0,29.4,2447.705,2.507839,4.08811,28.0,4.02277,2.494945,56.0,112.24980525048174
1.0,29.4,2445.487,2.51536,3.992279,28.0,4.00099,2.506764,58.0,112.22812480756268
1.0,29.4,2443.209,2.519658,4.101178,28.0,4.06633,2.488498,60.0,112.22154611618468
1.0,29.4,2440.773,2.509988,4.384318,28.0,4.02277,2.504615,62.0,112.25688830819873
1.0,29.4,2438.48,2.516435,4.127314,28.0,4.061974,2.511062,64.0,112.22982795766389
1.0,29.4,2436.168,2.523956,4.162163,28.0,4.031482,2.502466,66.0,112.21367361550232
1.0,29.4,2433.957,2.504615,3.979211,28.0,4.06633,2.506764,68.0,112.25299226097152
1.0,29.4,2431.614,2.517509,4.21879,28.0,4.114246,2.512137,70.0,112.23038349160244
1.0,29.4,2429.378,2.507839,4.02277,28.0,4.053262,2.49602,72.0,112.24688138764706
1.0,29.4,2427.248,2.516435,3.835462,28.0,4.018414,2.50569,74.0,112.22009880408152
1.0,29.4,2424.957,2.514286,4.122958,28.0,4.114246,2.528254,76.0,112.23389943666116
1.0,29.4,2422.64,2.51536,4.170875,28.0,4.014058,2.492796,78.0,112.23461578305565
1.0,29.4,2420.335,2.508913,4.149095,28.0,4.035838,2.458413,80.0,112.24968829596835
1.0,29.4,2418.105,2.511062,4.014058,28.0,4.188299,2.49387,82.0,112.23751771691904
1.0,29.4,2415.856,2.521807,4.048906,28.0,3.987922,2.502466,84.0,112.21454346469564
1.0,29.4,2413.558,2.512137,4.136027,28.0,4.149095,2.475604,86.0,112.24001761964269
1.0,29.4,2411.27,2.517509,4.118602,28.0,4.048906,2.506764,88.0,112.22672135340204
1.0,29.4,2409.011,2.508913,4.06633,28.0,3.809326,2.509988,90.0,112.24740768295732
1.0,29.4,2406.955,2.517509,3.700426,28.0,3.983567,2.492796,92.0,112.21391483418618
1.0,29.4,2404.696,2.503541,4.06633,28.0,4.035838,2.492796,94.0,112.25878881904126
1.0,29.4,2402.41,2.506764,4.114246,28.0,4.048906,2.498168,96.0,112.25250251394672
1.0,29.4,2400.081,2.544371,4.192655,28.0,3.961787,2.534701,98.0,112.16709648054606
1.0,29.4,2397.792,2.511062,4.118602,28.0,4.114246,2.500317,100.0,112.24158919591632
1.0,29.4,2395.49,2.558339,4.144739,28.0,3.992279,2.535775,102.0,112.13349398691864
1.0,29.4,2393.238,2.502466,4.053262,28.0,4.140383,2.508913,104.0,112.25963673926331
1.0,29.4,2390.974,2.516435,4.075042,28.0,4.118602,2.506764,106.0,112.2267871403158
1.0,29.4,2388.696,2.517509,4.101178,28.0,4.101178,2.509988,108.0,112.2252521123276
1.0,29.4,2386.5,2.523956,3.953074,28.0,4.231858,2.516435,110.0,112.2034839535235
1.0,29.4,2384.204,2.512137,4.131671,28.0,4.162163,2.492796,112.0,112.23903812559308
1.0,29.4,2381.906,2.491722,4.136027,28.0,3.91387,2.499243,114.0,112.29137527033365
1.0,29.4,2379.72,2.504615,3.93565,28.0,4.15345,2.470232,116.0,112.25066048036088
1.0,29.4,2377.456,2.49602,4.075042,28.0,4.057618,2.471307,118.0,112.27747230255478
1.0,29.4,2375.197,2.498168,4.06633,28.0,4.035838,2.492796,120.0,112.27161726722836
1.0,29.4,2372.964,2.499243,4.018414,28.0,4.035838,2.485275,122.0,112.2673191888614
1.0,29.4,2370.705,2.503541,4.06633,28.0,3.726562,2.498168,124.0,112.26089400028222
1.0,29.4,2368.5,2.503541,3.970499,28.0,3.835462,2.499243,126.0,112.25647896740186
1.0,29.4,2366.369,2.508913,3.835462,28.0,4.08811,2.499243,128.0,112.2368890864096
1.0,29.4,2364.105,2.527179,4.075042,28.0,4.170875,2.519658,130.0,112.2003042526908
1.0,29.4,2361.875,2.50569,4.014058,28.0,4.114246,2.499243,132.0,112.25028768784946
1.0,29.4,2359.616,2.502466,4.06633,28.0,4.671815,2.494945,134.0,112.25559449889438
1.0,29.4,2357.354,2.521807,4.070686,28.0,4.018414,2.463785,136.0,112.21492356686414
1.0,29.4,2355.03,2.523956,4.183942,28.0,4.02277,2.513211,138.0,112.21329351333382
1.0,29.4,2352.81,2.513211,3.996634,28.0,4.114246,2.503541,140.0,112.23124603113868
1.0,29.4,2350.558,2.521807,4.053262,28.0,3.791903,2.508913,142.0,112.21532559800391
1.0,29.4,2348.313,2.502466,4.040194,28.0,3.979211,2.489573,144.0,112.26022151183024
1.0,29.4,2346.028,2.511062,4.114246,28.0,4.114246,2.470232,146.0,112.2412090937478
1.0,29.4,2343.776,2.504615,4.053262,28.0,4.06633,2.491722,148.0,112.2546003855306
1.0,29.4,2341.488,2.514286,4.118602,28.0,4.114246,2.504615,150.0,112.23295649089695
1.0,29.4,2339.238,2.508913,4.048906,28.0,4.040194,2.50569,152.0,112.24388442824151
1.0,29.4,2336.984,2.518584,4.057618,28.0,4.166519,2.509988,154.0,112.21979910814096
1.0,29.4,2334.928,2.497094,3.700426,28.0,4.08811,2.498168,156.0,112.2616103466767
1.0,29.4,2332.606,2.520733,4.179586,28.0,4.083754,2.509988,158.0,112.2199964688823
1.0,29.4,2330.32,2.512137,4.114246,28.0,4.075042,2.492796,160.0,112.23834370816984
1.0,29.4,2328.049,2.500317,4.08811,28.0,3.93565,2.492796,162.0,112.2673191888614
1.0,29.4,2325.747,2.506764,4.144739,28.0,4.005346,2.49602,164.0,112.2530141899428
1.0,29.4,2323.463,2.533626,4.10989,28.0,4.061974,2.494945,166.0,112.18729306307654
1.0,29.4,2321.177,2.529329,4.114246,28.0,4.031482,2.532552,168.0,112.1970660746014
1.0,29.4,2318.894,2.511062,4.10989,28.0,4.057618,2.501392,170.0,112.24060239220962
1.0,29.4,2316.64,2.499243,4.057618,28.0,4.127314,2.49387,172.0,112.26701949292084
1.0,29.4,2314.34,2.502466,4.140383,28.0,4.070686,2.520733,174.0,112.26221704821492
1.0,29.4,2312.042,2.500317,4.136027,28.0,4.08811,2.477753,176.0,112.26789665177124
1.0,29.4,2309.756,2.530403,4.114246,28.0,4.188299,2.523956,178.0,112.19325774325924
1.0,29.4,2307.47,2.498168,4.114246,28.0,4.140383,2.492796,180.0,112.2715953382571
1.0,29.4,2305.185,2.51536,4.114246,28.0,4.096822,2.503541,182.0,112.22985719629222
1.0,29.4,2302.933,2.50569,4.053262,28.0,3.687358,2.49387,184.0,112.25462231450186
1.0,29.4,2300.613,2.504615,4.175231,28.0,3.948717,2.49602,186.0,112.25962942960622
1.0,29.4,2298.361,2.503541,4.053262,28.0,4.035838,2.520733,188.0,112.2563547032314
1.0,29.4,2296.141,2.511062,3.996634,28.0,4.092466,2.500317,190.0,112.23587304407454
1.0,29.4,2293.877,2.494945,4.075042,28.0,4.040194,2.490647,192.0,112.27880266014456
1.0,29.4,2291.618,2.49602,4.06633,28.0,3.69607,2.487424,194.0,112.2788245891158
1.0,29.4,2289.354,2.506764,4.075042,28.0,3.974854,2.492796,196.0,112.2501488043648
1.0,29.4,2287.114,2.516435,4.031482,28.0,4.175231,2.49387,198.0,112.22348317531264
1.0,29.4,2284.79,2.533626,4.183942,28.0,4.105534,2.506764,200.0,112.18909854837696
1.0,29.4,2282.579,2.498168,3.979211,28.0,4.040194,2.494945,202.0,112.26712182812004
1.0,29.4,2280.291,2.516435,4.118602,28.0,3.778833,2.483126,204.0,112.23016420188983
1.0,29.4,2278.274,2.502466,3.63073,28.0,4.06633,2.491722,206.0,112.24607001571044
1.0,29.4,2276.01,2.517509,4.075042,28.0,4.02277,2.500317,208.0,112.2235051042839
1.0,29.4,2273.693,2.476679,4.170875,28.0,4.092466,2.497094,210.0,112.32795279439532
1.0,29.4,2271.456,2.500317,4.027126,28.0,3.883378,2.507839,212.0,112.26444649362634
1.0,29.4,2269.206,2.511062,4.048906,28.0,4.048906,2.475604,214.0,112.23813172811433
1.0,29.4,2266.959,2.500317,4.04455,28.0,3.987922,2.49602,216.0,112.26432953911296
1.0,29.4,2264.753,2.494945,3.970499,28.0,3.874666,2.49387,218.0,112.2759811325091
1.0,29.4,2262.482,2.498168,4.08811,28.0,4.053262,2.492796,220.0,112.27069625043544
1.0,29.4,2260.192,2.49602,4.122958,28.0,4.253638,2.49602,222.0,112.27557910136932
1.0,29.4,2257.879,2.521807,4.162163,28.0,4.048906,2.527179,224.0,112.21569839051531
1.0,29.4,2255.552,2.513211,4.188299,28.0,4.122958,2.503541,226.0,112.23703527955132
1.0,29.4,2253.306,2.497094,4.04455,28.0,4.018414,2.503541,228.0,112.27173422174177
1.0,29.4,2251.073,2.532552,4.018414,28.0,4.075042,2.49602,230.0,112.18530483634896
1.0,29.4,2248.787,2.492796,4.114246,28.0,4.114246,2.516435,232.0,112.28394865873358
1.0,29.4,2246.502,2.482051,4.114246,28.0,4.101178,2.507839,234.0,112.31128677623772
1.0,29.4,2244.412,2.491722,3.761409,28.0,4.101178,2.49387,236.0,112.2753232633713
1.0,29.4,2242.148,2.508913,4.075042,28.0,4.092466,2.503541,238.0,112.24309498527616
1.0,29.4,2239.898,2.499243,4.048906,28.0,4.175231,2.502466,240.0,112.26508243379288
1.0,29.4,2237.646,2.519658,4.053262,28.0,4.070686,2.508913,242.0,112.21649514313778
1.0,29.4,2235.366,2.499243,4.105534,28.0,3.970499,2.487424,244.0,112.26911736450472
1.0,29.4,2233.073,2.509988,4.127314,28.0,4.118602,2.49387,246.0,112.24227630368247
1.0,29.4,2230.78,2.506764,4.127314,28.0,4.253638,2.491722,248.0,112.2490011882022
1.0,29.4,2228.516,2.516435,4.075042,28.0,4.092466,2.494945,250.0,112.22491586810165
1.0,29.4,2226.332,2.51536,3.931293,28.0,3.974854,2.489573,252.0,112.2234977946268
1.0,29.4,2224.07,2.517509,4.070686,28.0,4.101178,2.49387,254.0,112.22205048252366
1.0,29.4,2221.76,2.494945,4.157807,28.0,4.105534,2.509988,256.0,112.280103779106
1.0,29.4,2219.523,2.490647,4.027126,28.0,4.140383,2.47453,258.0,112.28616348483084
1.0,29.4,2217.228,2.494945,4.131671,28.0,4.114246,2.507839,260.0,112.27897078225756
1.0,29.4,2215.058,2.494945,3.905158,28.0,4.031482,2.492796,262.0,112.2718073183126
1.0,29.4,2212.799,2.522882,4.06633,28.0,4.205722,2.51536,264.0,112.20777472223338
1.0,29.4,2210.528,2.502466,4.08811,28.0,3.996634,2.477753,266.0,112.26010455731684
1.0,29.4,2208.242,2.500317,4.114246,28.0,4.114246,2.494945,268.0,112.26508243379288
1.0,29.4,2205.969,2.482051,4.092466,28.0,3.896446,2.489573,270.0,112.31195926468968
1.0,29.4,2203.715,2.498168,4.057618,28.0,3.979211,2.477753,272.0,112.26961442118662
1.0,29.4,2201.453,2.491722,4.070686,28.0,4.035838,2.479902,274.0,112.28560064123516
1.0,29.4,2199.163,2.491722,4.122958,28.0,3.961787,2.486349,276.0,112.2881005439588
1.0,29.4,2197.032,2.483126,3.835462,28.0,4.035838,2.480977,278.0,112.29924777101596
1.0,29.4,2194.732,2.482051,4.140383,28.0,4.127314,2.470232,280.0,112.31200312263222
1.0,29.4,2192.523,2.492796,3.974854,28.0,4.114246,2.486349,282.0,112.27859068008904
1.0,29.4,2190.235,2.504615,4.118602,28.0,3.979211,2.49602,284.0,112.25555795060896
1.0,29.4,2187.981,2.49602,4.057618,28.0,4.205722,2.482051,286.0,112.27274295441973
1.0,29.4,2185.783,2.475604,3.957429,28.0,4.014058,2.47453,288.0,112.32255826746535
1.0,29.4,2183.502,2.49387,4.105534,28.0,3.974854,2.491722,290.0,112.2816314974371
1.0,29.4,2181.223,2.49602,4.101178,28.0,3.974854,2.490647,292.0,112.27607615805124
1.0,29.4,2178.959,2.487424,4.075042,28.0,4.08811,2.521807,294.0,112.29510319544784
1.0,29.4,2176.717,2.516435,4.035838,28.0,3.974854,2.504615,296.0,112.22357089119768
1.0,29.4,2174.475,2.50569,4.035838,28.0,3.996634,2.478828,298.0,112.24974677322504
1.0,29.4,2172.151,2.513211,4.183942,28.0,3.996634,2.499243,300.0,112.2368232994958
1.0,29.4,2169.945,2.49387,3.970499,28.0,4.053262,2.492796,302.0,112.27583493936736
1.0,29.4,2167.674,2.49602,4.08811,28.0,4.214434,2.534701,304.0,112.2726406192205
1.0,29.4,2165.388,2.476679,4.114246,28.0,4.035838,2.49387,306.0,112.32471461630594
1.0,29.4,2163.071,2.491722,4.170875,28.0,4.083754,2.491722,308.0,112.28836369161392
1.0,29.4,2160.705,2.440146,4.257994,28.0,4.048906,2.504615,310.0,112.42764920740044
1.0,29.4,2158.396,2.480977,4.157807,28.0,4.057618,2.477753,312.0,112.3154094228346
1.0,29.4,2156.26,2.485275,3.844174,28.0,4.070686,2.46486,314.0,112.2934804515746
1.0,29.4,2154.035,2.479902,4.005346,28.0,4.014058,2.489573,316.0,112.31247094068576
1.0,29.4,2151.742,2.520733,4.127314,28.0,4.28413,2.487424,318.0,112.2141341238988
1.0,29.4,2149.483,2.503541,4.06633,28.0,4.397387,2.492796,320.0,112.25223205663453
1.0,29.4,2147.241,2.49602,4.035838,28.0,4.075042,2.509988,322.0,112.27199736939689
1.0,29.4,2144.955,2.499243,4.114246,28.0,4.005346,2.492796,324.0,112.26779431657204
1.0,29.4,2142.718,2.500317,4.027126,28.0,4.179586,2.446594,326.0,112.26118638656568
1.0,29.4,2140.381,2.500317,4.205722,28.0,4.162163,2.475604,328.0,112.26772852965826
1.0,29.4,2138.141,2.492796,4.031482,28.0,3.996634,2.45304,330.0,112.28136104012488
1.0,29.4,2135.849,2.499243,4.127314,28.0,3.974854,2.492796,332.0,112.26845218570983
1.0,29.4,2133.582,2.507839,4.079398,28.0,4.06633,2.422955,334.0,112.24591651291163
1.0,29.4,2131.217,2.4842,4.257994,28.0,4.114246,2.487424,336.0,112.31039499807316
1.0,29.4,2128.95,2.500317,4.079398,28.0,3.987922,2.527179,338.0,112.263152684322
1.0,29.4,2126.713,2.494945,4.027126,28.0,4.114246,2.491722,340.0,112.27405138303824
1.0,29.4,2124.458,2.520733,4.057618,28.0,3.944361,2.461636,342.0,112.21436072326848
1.0,29.4,2122.173,2.503541,4.114246,28.0,4.136027,2.492796,344.0,112.255813788607
1.0,29.4,2119.899,2.458413,4.092466,28.0,4.08811,2.475604,346.0,112.37087510080826
1.0,29.4,2117.606,2.498168,4.127314,28.0,3.948717,2.488498,348.0,112.27114213951774
1.0,29.4,2115.374,2.483126,4.018414,28.0,4.035838,2.492796,350.0,112.3039551901798
1.0,29.4,2113.134,2.49602,4.031482,28.0,4.127314,2.478828,352.0,112.27145645477246
1.0,29.4,2110.819,2.508913,4.166519,28.0,4.136027,2.499243,354.0,112.24449112977972
1.0,29.4,2108.534,2.461636,4.114246,28.0,4.040194,2.491722,356.0,112.363178031896
1.0,29.4,2106.253,2.499243,4.105534,28.0,3.961787,2.500317,358.0,112.26717299571966
1.0,29.4,2103.981,2.509988,4.08811,28.0,4.040194,2.504615,360.0,112.239454776047
1.0,29.4,2101.681,2.504615,4.140383,28.0,4.122958,2.492796,362.0,112.25403023227784
1.0,29.4,2099.432,2.491722,4.048906,28.0,4.122958,2.437998,364.0,112.28334195719538
1.0,29.4,2097.115,2.483126,4.170875,28.0,4.122958,2.492796,366.0,112.30879418317116
1.0,29.4,2094.86,2.520733,4.057618,28.0,4.15345,2.476679,368.0,112.21197777505822
1.0,29.4,2092.548,2.521807,4.162163,28.0,4.719731,2.49602,370.0,112.20856416519874
1.0,29.4,2090.284,2.49602,4.075042,28.0,4.43659,2.489573,372.0,112.27003107164056
1.0,29.4,2088.068,2.511062,3.987922,28.0,4.101178,2.492796,374.0,112.2327152722131
1.0,29.4,2085.86,2.492796,3.974854,28.0,4.018414,2.491722,376.0,112.27781585643784
1.0,29.4,2083.623,2.487424,4.027126,28.0,4.144739,2.4842,378.0,112.29215740364192
1.0,29.4,2081.182,2.499243,4.393031,28.0,4.06633,2.489573,380.0,112.27853220283237
1.0,29.4,2078.896,2.504615,4.114246,28.0,3.970499,2.4842,382.0,112.25412525781996
1.0,29.4,2076.652,2.509988,4.040194,28.0,4.131671,2.511062,384.0,112.2364431973273
1.0,29.4,2074.354,2.494945,4.136027,28.0,3.966143,2.483126,386.0,112.27883920843
1.0,29.4,2071.877,2.49387,4.45837,28.0,4.118602,2.478828,388.0,112.2947377125935
1.0,29.4,2069.577,2.50569,4.140383,28.0,4.070686,2.49602,390.0,112.25134027846994
1.0,29.4,2067.291,2.511062,4.114246,28.0,4.018414,2.499243,392.0,112.23763467143245
1.0,29.4,2064.959,2.465934,4.197011,28.0,4.114246,2.49387,394.0,112.35393862533844
1.0,29.4,2062.698,2.488498,4.070686,28.0,3.996634,2.478828,396.0,112.29212085535649
1.0,29.4,2060.627,2.494945,3.726562,28.0,4.005346,2.494945,398.0,112.26454151916846
1.0,29.4,2058.354,2.511062,4.092466,28.0,3.974854,2.508913,400.0,112.23687446709542
1.0,29.4,2056.17,2.492796,3.931293,28.0,4.057618,2.485275,402.0,112.27571798485398
1.0,29.4,2053.913,2.50569,4.061974,28.0,4.070686,2.487424,404.0,112.24827022249352
1.0,29.4,2051.579,2.504615,4.201366,28.0,4.15345,2.503541,406.0,112.2553678995247
1.0,29.4,2049.271,2.486349,4.15345,28.0,3.974854,2.499243,408.0,112.30042462580693
1.0,29.4,2047.02,2.502466,4.053262,28.0,4.018414,2.502466,410.0,112.25593805277744
1.0,29.4,2044.763,2.498168,4.061974,28.0,4.053262,2.483126,412.0,112.26685137080786
1.0,29.4,2042.502,2.498168,4.070686,28.0,4.10989,2.463785,414.0,112.2669902542925
1.0,29.4,2040.216,2.49387,4.114246,28.0,4.02277,2.520733,416.0,112.27908042711384
1.0,29.4,2037.959,2.497094,4.061974,28.0,4.122958,2.461636,418.0,112.2691831514185
1.0,29.4,2035.713,2.498168,4.04455,28.0,4.092466,2.488498,420.0,112.2656672063598
1.0,29.4,2033.366,2.504615,4.223146,28.0,3.996634,2.49602,422.0,112.25748039042274
1.0,29.4,2031.059,2.490647,4.15345,28.0,4.08811,2.485275,424.0,112.28860491029778
1.0,29.4,2028.788,2.498168,4.08811,28.0,4.048906,2.485275,426.0,112.26761888480196
1.0,29.4,2026.507,2.497094,4.105534,28.0,4.114246,2.489573,428.0,112.2702795999815
1.0,29.4,2024.281,2.502466,4.005346,28.0,4.053262,2.490647,430.0,112.25380363290816
1.0,29.4,2021.974,2.527179,4.15345,28.0,4.053262,2.519658,432.0,112.1994928807542
1.0,29.4,2019.8,2.491722,3.91387,28.0,4.040194,2.4842,434.0,112.27749423152603
1.0,29.4,2017.512,2.508913,4.118602,28.0,3.931293,2.470232,436.0,112.24354087435846
1.0,29.4,2015.303,2.494945,3.974854,28.0,4.08811,2.459487,438.0,112.2714272161441
1.0,29.4,2013.008,2.508913,4.131671,28.0,4.105534,2.49602,440.0,112.24207894294112
1.0,29.4,2010.722,2.49602,4.114246,28.0,4.162163,2.483126,442.0,112.27277950270516
1.0,29.4,2008.454,2.500317,4.083754,28.0,4.005346,2.490647,444.0,112.26213664198696
1.0,29.4,2006.212,2.492796,4.035838,28.0,4.057618,2.492796,446.0,112.27851758351818
1.0,29.4,2003.953,2.486349,4.06633,28.0,4.014058,2.482051,448.0,112.29636776612382
1.0,29.4,2001.684,2.491722,4.083754,28.0,4.162163,2.512137,450.0,112.28171921332212
1.0,29.4,1999.41,2.500317,4.092466,28.0,3.974854,2.489573,452.0,112.26261907935468
1.0,29.4,1997.161,2.488498,4.048906,28.0,4.005346,2.483126,454.0,112.29026420245646
1.0,29.4,1994.89,2.508913,4.08811,28.0,3.983567,2.501392,456.0,112.24109213923442
1.0,29.4,1992.684,2.526105,3.970499,28.0,3.987922,2.512137,458.0,112.19556028524156
1.0,29.4,1990.393,2.517509,4.122958,28.0,4.197011,2.479902,460.0,112.22023037790908
1.0,29.4,1988.132,2.49387,4.070686,28.0,4.092466,2.476679,462.0,112.27684367204532
1.0,29.4,1985.892,2.526105,4.031482,28.0,4.092466,2.534701,464.0,112.19638627649236
1.0,29.4,1983.633,2.492796,4.06633,28.0,4.114246,2.483126,466.0,112.27900733054298
1.0,29.4,1981.301,2.504615,4.197011,28.0,3.983567,2.507839,468.0,112.2555798795802
1.0,29.4,1979.021,2.500317,4.105534,28.0,4.018414,2.49387,470.0,112.26239978964207
1.0,29.4,1977.004,2.494945,3.63073,28.0,4.014058,2.483126,472.0,112.2610109547956
1.0,29.4,1974.718,2.498168,4.114246,28.0,3.948717,2.485275,474.0,112.26871533336497
1.0,29.4,1972.435,2.492796,4.10989,28.0,4.031482,2.506764,476.0,112.2808128158434
1.0,29.4,1970.142,2.500317,4.127314,28.0,4.02277,2.500317,478.0,112.262984562209
1.0,29.4,1967.917,2.50569,4.005346,28.0,4.379962,2.502466,480.0,112.24226168436827
1.0,29.4,1965.708,2.508913,3.974854,28.0,3.966143,2.487424,482.0,112.2369914216088
1.0,29.4,1963.452,2.517509,4.061974,28.0,4.04455,2.507839,484.0,112.21837372500906
1.0,29.4,1961.171,2.450891,4.105534,28.0,3.992279,2.472381,486.0,112.39024569208792
1.0,29.4,1958.948,2.506764,4.00099,28.0,4.048906,2.498168,488.0,112.24216665882616
1.0,29.4,1956.662,2.51536,4.114246,28.0,4.166519,2.506764,490.0,112.22438957279138
1.0,29.4,1954.381,2.527179,4.105534,28.0,4.096822,2.489573,492.0,112.19683216557463
1.0,29.4,1952.062,2.500317,4.175231,28.0,4.083754,2.492796,494.0,112.264249132885
1.0,29.4,1949.776,2.460562,4.114246,28.0,4.075042,2.480977,496.0,112.36371163686331
1.0,29.4,1947.524,2.498168,4.053262,28.0,4.057618,2.500317,498.0,112.26487045373736
1.0,29.4,1945.372,2.458413,3.874666,28.0,4.035838,2.486349,500.0,112.36110208928338
1.0,29.4,1943.188,2.499243,3.931293,28.0,4.162163,2.491722,502.0,112.2571806944822
1.0,29.4,1940.992,2.49387,3.953074,28.0,4.15345,2.487424,504.0,112.27133219060198
1.0,29.4,1938.728,2.523956,4.075042,28.0,4.118602,2.513211,506.0,112.2025044594739
1.0,29.4,1936.147,2.497094,4.645678,28.0,4.105534,2.489573,508.0,112.29477426087894
1.0,29.4,1933.776,2.507839,4.266706,28.0,4.114246,2.494945,510.0,112.24912545237268
1.0,29.4,1931.486,2.491722,4.122958,28.0,4.162163,2.463785,512.0,112.28306419022609
1.0,29.4,1929.207,2.529329,4.101178,28.0,4.114246,2.516435,514.0,112.19072860190728
1.0,29.4,1926.943,2.49602,4.075042,28.0,4.114246,2.492796,516.0,112.27035269655237
1.0,29.4,1924.663,2.542222,4.105534,28.0,4.58905,2.492796,518.0,112.15772550016096
1.0,29.4,1922.418,2.52503,4.040194,28.0,3.970499,2.490647,520.0,112.20006303400694
1.0,29.4,1920.12,2.499243,4.136027,28.0,4.035838,2.444444,522.0,112.2661130954421
1.0,29.4,1917.885,2.491722,4.02277,28.0,3.818038,2.480977,524.0,112.28178500023591
1.0,29.4,1915.68,2.49387,3.970499,28.0,4.253638,2.490647,526.0,112.27070356009251
1.0,29.4,1913.447,2.504615,4.018414,28.0,4.092466,2.492796,528.0,112.24711529667384
1.0,29.4,1911.161,2.516435,4.114246,28.0,4.075042,2.502466,530.0,112.2220212438953
1.0,29.4,1908.849,2.513211,4.162163,28.0,4.231858,2.460562,532.0,112.23100481245484
1.0,29.4,1906.59,2.386422,4.06633,28.0,4.040194,2.385348,534.0,112.573264886224
1.0,29.4,1904.292,2.583052,4.136027,28.0,3.857242,2.566935,536.0,112.07340129600912
1.0,29.4,1902.009,2.534701,4.10989,28.0,3.726562,2.527179,538.0,112.18124797666586
1.0,29.4,1899.801,2.550818,3.974854,28.0,4.114246,2.561563,540.0,112.13585500615764
1.0,29.4,1897.515,2.526105,4.114246,28.0,3.796258,2.511062,542.0,112.20109369565616
1.0,29.4,1895.281,2.504615,4.02277,28.0,4.105534,2.527179,544.0,112.24634778267976
1.0,29.4,1893.036,2.49602,4.040194,28.0,3.983567,2.489573,546.0,112.2697825432996
1.0,29.4,1890.791,2.468083,4.040194,28.0,4.009702,2.457338,548.0,112.34123444132182
1.0,29.4,1888.518,2.494945,4.092466,28.0,3.987922,2.482051,550.0,112.27442417554964
1.0,29.4,1886.268,2.458413,4.048906,28.0,3.948717,2.450891,552.0,112.36764423237597
1.0,29.4,1884.016,2.494945,4.053262,28.0,3.974854,2.485275,554.0,112.27295493447522
1.0,29.4,1881.709,2.485275,4.15345,28.0,4.040194,2.487424,556.0,112.30047579340652
1.0,29.4,1879.394,2.506764,4.166519,28.0,4.114246,2.489573,558.0,112.24689600696124
1.0,29.4,1877.15,2.492796,4.040194,28.0,4.048906,2.478828,560.0,112.27721646455676
1.0,29.4,1874.857,2.492796,4.127314,28.0,4.136027,2.487424,562.0,112.279599412767
1.0,29.4,1872.653,2.469157,3.966143,28.0,4.092466,2.468083,564.0,112.33464844028671
1.0,29.4,1870.423,2.448742,4.014058,28.0,4.04455,2.475604,566.0,112.39083046465488
1.0,29.4,1868.133,2.49602,4.122958,28.0,4.048906,2.492796,568.0,112.27194620179726
1.0,29.4,1865.588,2.483126,4.580338,28.0,4.114246,2.477753,570.0,112.32558446549923
1.0,29.4,1861.984,1.056215,6.488268,28.0,6.562321,1.046545,572.0,123.07309754420118
1.0,29.4,1859.693,2.502466,4.122958,28.0,4.144739,2.461636,574.0,112.255645666494
1.0,29.4,1856.144,1.192674,6.388081,28.0,6.414217,1.199121,576.0,121.74809793307168
1.0,29.4,1852.595,0.860659,6.388081,28.0,6.257401,0.852063,578.0,124.80689703755978
1.0,29.4,1850.232,2.457338,4.253638,28.0,4.005346,2.400391,580.0,112.37884993668982
1.0,29.4,1847.915,2.442296,4.170875,28.0,4.122958,2.448742,582.0,112.4140166969338
1.0,29.4,1845.632,2.435848,4.10989,28.0,4.188299,2.469157,584.0,112.42832900550948
1.0,29.5,1843.247,2.458413,4.292842,28.0,4.170875,2.444444,586.0,111.63256318676912
1.0,29.4,1840.871,2.467009,4.275418,28.0,4.170875,2.459487,588.0,112.35162146404195
1.0,29.4,1838.511,2.469157,4.249282,28.0,4.114246,2.462711,590.0,112.34522551409113
1.0,29.4,1836.182,2.461636,4.192655,28.0,4.162163,2.455189,592.0,112.36225701510308
1.0,29.4,1833.845,2.469157,4.205722,28.0,4.035838,2.479902,594.0,112.34369048610291
1.0,29.4,1831.542,2.450891,4.144739,28.0,4.244926,2.468083,596.0,112.38797238873398
1.0,29.4,1829.257,2.425104,4.114246,28.0,4.179586,2.429402,598.0,112.4590880425302
1.0,29.4,1827.048,2.478828,3.974854,28.0,4.21879,2.444444,600.0,112.30875763488574
1.0,29.4,1824.719,2.491722,4.192655,28.0,4.175231,2.479902,602.0,112.2841021615324
1.0,29.4,1822.356,2.584127,4.253638,28.0,4.114246,2.569084,604.0,112.07268494961464
1.0,29.5,1820.01,2.550818,4.223146,28.0,4.175231,2.538999,606.0,111.42282719598128
1.0,29.5,1817.707,2.437998,4.144739,28.0,4.253638,2.422955,608.0,111.67519310689858
1.0,29.7,1815.38,2.502466,4.188299,28.0,4.06633,2.522882,610.0,110.10367531052114
1.0,29.8,1813.138,2.508913,4.035838,28.0,4.114246,2.483126,612.0,109.38928059446958
1.0,29.8,1810.853,2.499243,4.114246,28.0,4.061974,2.490647,614.0,109.40930174522998
1.0,29.8,1808.485,2.49387,4.26235,28.0,4.08811,2.492796,616.0,109.42518563007933
1.0,29.8,1806.264,2.422955,3.996634,28.0,4.035838,2.422955,618.0,109.5445157820192
1.0,29.8,1804.025,2.461636,4.031482,28.0,4.179586,2.455189,620.0,109.4715288560088
1.0,29.8,1801.739,2.485275,4.114246,28.0,4.06633,2.444444,622.0,109.43397914755458
1.0,29.8,1799.514,2.477753,4.005346,28.0,4.092466,2.463785,624.0,109.44199053172156
1.0,29.8,1797.068,2.463785,4.401742,28.0,3.970499,2.47453,626.0,109.48679872966284
1.0,29.8,1794.843,2.446594,4.005346,28.0,4.048906,2.486349,628.0,109.49864037414326
1.0,29.8,1792.591,2.49602,4.053262,28.0,4.040194,2.487424,630.0,109.41217444046504
1.0,29.8,1790.279,2.477753,4.162163,28.0,4.04455,2.477753,632.0,109.44897125423934
1.0,29.8,1787.981,2.480977,4.136027,28.0,4.027126,2.465934,634.0,109.4423560145759
1.0,29.8,1785.528,2.46486,4.41481,28.0,4.035838,2.460562,636.0,109.48509557956166
1.0,29.8,1783.289,2.478828,4.031482,28.0,4.070686,2.470232,638.0,109.44107682458574
1.0,29.8,1781.08,2.49602,3.974854,28.0,4.02277,2.454115,640.0,109.40936022248668
1.0,29.8,1778.744,2.477753,4.205722,28.0,3.987922,2.435848,642.0,109.45193897501652
1.0,29.8,1776.422,2.492796,4.179586,28.0,3.918226,2.483126,644.0,109.42419882637262
1.0,29.8,1774.214,2.503541,3.974854,28.0,3.948717,2.494945,646.0,109.39644405841452
1.0,29.8,1771.623,2.562637,4.663103,28.0,4.114246,2.549744,648.0,109.33301816387348
1.0,29.8,1769.388,2.549744,4.02277,28.0,4.06633,2.533626,650.0,109.32179784024544
1.0,29.8,1767.134,2.530403,4.057618,28.0,3.948717,2.527179,652.0,109.35492520616224
1.0,30.0,1764.962,2.579829,3.909514,28.0,4.362539,2.513211,654.0,107.90737919397472
1.0,30.0,1762.635,2.67116,4.188299,28.0,3.987922,2.66149,656.0,107.81260218018896
1.0,30.1,1760.439,2.698022,3.953074,28.0,4.205722,2.666862,658.0,107.10267366461736
1.0,30.1,1758.224,2.632478,3.987922,28.0,4.08811,2.636777,660.0,107.17253936705175
1.0,30.1,1755.972,2.652894,4.053262,28.0,4.061974,2.626032,662.0,107.1538705028524
1.0,30.2,1753.749,2.613138,4.00099,28.0,3.996634,2.589499,664.0,106.52025480726564
1.0,30.2,1751.495,2.578755,4.057618,28.0,4.06633,2.565861,666.0,106.56004858044548
1.0,30.2,1749.197,2.576606,4.136027,28.0,4.040194,2.569084,668.0,106.56620331171246
1.0,30.2,1747.122,2.670086,3.735274,28.0,4.101178,2.651819,670.0,106.4501478861474
1.0,30.2,1744.901,2.56801,3.996634,28.0,4.00099,2.55619,672.0,106.569960475455
1.0,30.2,1742.599,2.629255,4.144739,28.0,4.075042,2.615287,674.0,106.5090929608943
1.0,30.2,1740.354,2.595946,4.040194,28.0,3.905158,2.583052,676.0,106.54101423339178
1.0,30.2,1738.085,2.572308,4.083754,28.0,4.127314,2.595946,678.0,106.56761407553016
2.0,30.1,1735.812,2.544371,4.092466,28.0,3.974854,2.528254,152.0,106.63946069503504
2.0,30.1,1733.511,2.550818,4.140383,28.0,4.057618,2.538999,154.0,106.63328403479684
2.0,30.1,1731.313,2.533626,3.957429,28.0,4.06633,2.51536,156.0,106.64583471601463
2.0,30.1,1729.025,2.509988,4.118602,28.0,4.092466,2.514286,158.0,106.68255843321806
2.0,30.1,1726.761,2.534701,4.075042,28.0,4.057618,2.523956,160.0,106.64976000187018
2.0,30.1,1724.514,2.508913,4.04455,28.0,4.092466,2.527179,162.0,106.68024858157868
2.0,30.1,1722.255,2.519658,4.06633,28.0,4.114246,2.527179,164.0,106.66748592030535
2.0,30.1,1719.967,2.540073,4.118602,28.0,3.93565,2.543297,166.0,106.6457981677292
2.0,30.1,1717.727,2.537924,4.031482,28.0,4.014058,2.532552,168.0,106.64389765688668
2.0,30.1,1715.57,2.544371,3.883378,28.0,4.040194,2.534701,170.0,106.62934412962711
2.0,30.1,1713.298,2.550818,4.08811,28.0,4.08811,2.534701,172.0,106.63043326853304
2.0,30.1,1711.039,2.512137,4.06633,28.0,4.005346,2.501392,174.0,106.67796065891056
2.0,30.1,1708.822,2.529329,3.992279,28.0,3.974854,2.526105,176.0,106.65291777373162
2.0,30.1,1706.509,2.562637,4.162163,28.0,4.162163,2.561563,178.0,106.6190886807345
2.0,30.1,1704.207,2.544371,4.144739,28.0,3.900802,2.560488,180.0,106.64171206941776
2.0,30.1,1701.969,2.571233,4.027126,28.0,4.192655,2.560488,182.0,106.60261271366116
2.0,30.1,1699.737,2.575531,4.018414,28.0,4.070686,2.551893,184.0,106.5981976807808
2.0,30.1,1697.478,2.603468,4.06633,28.0,4.192655,2.61851,186.0,106.56762138518728
2.0,30.1,1695.187,2.575531,4.122958,28.0,4.114246,2.561563,188.0,106.60255423640446
2.0,30.1,1692.892,2.560488,4.131671,28.0,4.131671,2.558339,190.0,106.62025822586838
2.0,30.1,1690.684,2.551893,3.974854,28.0,3.987922,2.551893,192.0,106.62423467932352
2.0,30.1,1688.413,2.595946,4.08811,28.0,4.253638,2.580904,194.0,106.57680231448812
2.0,30.1,1686.161,2.560488,4.053262,28.0,3.89209,2.562637,196.0,106.61811649634198
2.0,30.1,1683.94,2.560488,3.996634,28.0,3.93565,2.561563,198.0,106.61523649144983
2.0,30.1,1681.71,2.561563,4.014058,28.0,4.06633,2.575531,200.0,106.6136649151762
2.0,30.1,1679.495,2.659341,3.987922,28.0,4.523711,2.650745,202.0,106.50363264705057
2.0,30.1,1677.27,2.632478,4.005346,28.0,4.10989,2.616361,204.0,106.53445016132795
2.0,30.1,1674.948,2.63033,4.179586,28.0,4.08811,2.63033,206.0,106.5446836812493
2.0,30.1,1672.693,2.592723,4.057618,28.0,4.092466,2.57768,208.0,106.57990160909289
2.0,30.1,1670.4,2.646447,4.127314,28.0,4.02277,2.637851,210.0,106.52600019773575
2.0,30.1,1668.132,2.629255,4.083754,28.0,4.101178,2.63033,212.0,106.54114580721937
2.0,30.1,1665.851,2.616361,4.105534,28.0,3.974854,2.614213,214.0,106.55672999612813
2.0,30.1,1663.572,2.609915,4.101178,28.0,4.188299,2.598095,216.0,106.5621683810006
2.0,30.1,1661.243,2.632478,4.192655,28.0,4.105534,2.595946,218.0,106.54324367880322
2.0,30.1,1659.185,2.627106,3.704782,28.0,4.101178,2.616361,220.0,106.5271916718409
2.0,30.1,1656.885,2.664713,4.140383,28.0,4.10989,2.655043,222.0,106.5075579329061
2.0,30.1,1654.676,2.641074,3.974854,28.0,4.00099,2.613138,224.0,106.52478679465938
2.0,30.1,1652.405,2.665787,4.08811,28.0,4.04455,2.652894,226.0,106.50447325761552
2.0,30.1,1650.127,2.579829,4.101178,28.0,3.89209,2.562637,228.0,106.59767138547056
2.0,30.1,1647.863,2.619585,4.075042,28.0,4.101178,2.610989,230.0,106.55089688977296
2.0,30.1,1645.606,2.617436,4.061974,28.0,4.053262,2.602393,232.0,106.55297283238558
2.0,30.0,1643.308,2.523956,4.136027,28.0,4.04455,2.513211,234.0,107.35509074313428
2.0,30.0,1641.023,2.50569,4.114246,28.0,4.018414,2.508913,236.0,107.37897139283642
2.0,30.0,1638.74,2.509988,4.10989,28.0,3.974854,2.498168,238.0,107.37332102790842
2.0,30.0,1636.468,2.507839,4.08811,28.0,3.926938,2.498168,240.0,107.37555778297694
2.0,30.0,1634.154,2.561563,4.166519,28.0,4.114246,2.534701,242.0,107.30721979887366
2.0,30.0,1631.899,2.511062,4.057618,28.0,4.057618,2.506764,244.0,107.36865015703005
2.0,30.1,1629.65,2.492796,4.048906,28.0,3.974854,2.486349,246.0,106.70163663821428
2.0,30.0,1627.316,2.511062,4.201366,28.0,3.974854,2.492796,248.0,107.37620834245766
2.0,30.0,1625.095,2.477753,3.996634,28.0,4.014058,2.513211,250.0,107.41257388646385
2.0,30.0,1622.764,2.502466,4.197011,28.0,4.035838,2.530403,252.0,107.38677079694789
2.0,30.0,1620.372,2.519658,4.305911,28.0,4.083754,2.511062,254.0,107.36873787291508
2.0,30.0,1618.1,2.595946,4.08811,28.0,4.092466,2.57768,256.0,107.2614028682544
2.0,30.0,1615.837,2.53685,4.075042,28.0,4.101178,2.530403,258.0,107.33437517495064
2.0,30.0,1613.667,2.523956,3.905158,28.0,4.018414,2.485275,260.0,107.34498879704049
2.0,30.0,1611.481,2.504615,3.93565,28.0,4.040194,2.52503,262.0,107.37171290334936
2.0,30.0,1609.236,2.56801,4.040194,28.0,3.622018,2.573382,264.0,107.29613104907318
2.0,30.0,1606.948,2.558339,4.118602,28.0,3.961787,2.544371,266.0,107.30964660502644
2.0,30.0,1604.917,2.527179,3.656866,28.0,4.101178,2.526105,268.0,107.32966044612974
2.0,30.0,1602.611,2.572308,4.149095,28.0,4.136027,2.547595,270.0,107.29246160121568
2.0,30.0,1600.362,2.534701,4.048906,28.0,4.057618,2.522882,272.0,107.3362098988794
2.0,30.0,1598.103,2.54652,4.06633,28.0,4.035838,2.540073,274.0,107.32164175230568
2.0,30.0,1595.897,2.586276,3.970499,28.0,4.057618,2.576606,276.0,107.26762338643516
2.0,30.0,1593.672,2.597021,4.005346,28.0,4.127314,2.585202,278.0,107.25582559989728
2.0,30.0,1591.401,2.632478,4.08811,28.0,4.101178,2.619585,280.0,107.21894107023796
2.0,30.0,1589.135,2.579829,4.079398,28.0,3.931293,2.563712,282.0,107.2811462520455
2.0,30.0,1586.808,2.637851,4.188299,28.0,4.114246,2.609915,284.0,107.21767649956196
2.0,30.0,1584.595,2.592723,3.983567,28.0,3.974854,2.578755,286.0,107.26094235985796
2.0,30.0,1582.309,2.64,4.114246,28.0,4.040194,2.629255,288.0,107.21208461189065
2.0,30.0,1579.965,2.635702,4.21879,28.0,4.083754,2.624957,290.0,107.22140442467617
2.0,30.0,1577.757,2.64967,3.974854,28.0,4.053262,2.615287,292.0,107.195498999961
2.0,30.0,1575.515,2.633553,4.035838,28.0,4.105534,2.624957,294.0,107.21514735820996
2.0,30.0,1573.227,2.619585,4.118602,28.0,4.114246,2.616361,296.0,107.23445947223294
2.0,30.0,1570.912,2.623883,4.166519,28.0,4.06633,2.594872,298.0,107.23242007790576
2.0,30.0,1568.58,2.63033,4.197011,28.0,3.957429,2.628181,300.0,107.2269743833762
2.0,30.0,1566.346,2.64,4.02277,28.0,3.996634,2.607765,302.0,107.20834937711936
2.0,30.0,1564.106,2.678681,4.031482,28.0,4.08811,2.664713,304.0,107.16677935726746
2.0,30.0,1561.893,2.63033,3.983567,28.0,3.970499,2.613138,306.0,107.21729639739344
2.0,29.8,1559.622,2.647521,4.08811,28.0,4.053262,2.642149,308.0,108.56360365893056
2.0,29.8,1557.345,2.676533,4.096822,28.0,3.974854,2.658266,310.0,108.52940908307912
2.0,29.8,1555.082,2.610989,4.075042,28.0,4.04455,2.597021,312.0,108.61023196148643
2.0,29.8,1552.818,2.63033,4.075042,28.0,4.00099,2.619585,314.0,108.58515252802206
2.0,29.8,1550.571,2.620659,4.04455,28.0,4.105534,2.615287,316.0,108.59556878937056
2.0,29.8,1548.326,2.626032,4.040194,28.0,3.992279,2.613138,318.0,108.5892459359906
2.0,29.8,1546.048,2.628181,4.101178,28.0,4.114246,2.613138,320.0,108.588266441941
2.0,29.8,1543.844,2.609915,3.966143,28.0,4.035838,2.598095,322.0,108.6069572351116
2.0,29.8,1541.619,2.614213,4.005346,28.0,4.02277,2.613138,324.0,108.60280534988638
2.0,29.8,1539.309,2.605617,4.157807,28.0,3.909514,2.595946,326.0,108.62178852934046
2.0,29.8,1537.06,2.605617,4.048906,28.0,4.136027,2.615287,328.0,108.6151221220774
2.0,29.8,1534.852,2.586276,3.974854,28.0,4.048906,2.595946,330.0,108.63901739109374
2.0,29.8,1532.566,2.646447,4.114246,28.0,4.231858,2.637851,332.0,108.56462701092268
2.0,29.8,1530.28,2.597021,4.114246,28.0,3.926938,2.590574,334.0,108.63121067732516
2.0,29.8,1528.065,2.63033,3.987922,28.0,3.922582,2.620659,336.0,108.58170236987716
2.0,29.8,1525.818,2.620659,4.04455,28.0,4.031482,2.589499,338.0,108.59613163296623
2.0,29.8,1523.576,2.612064,4.035838,28.0,3.883378,2.63033,340.0,108.6074542917935
2.0,29.8,1521.45,2.615287,3.82675,28.0,4.02277,2.60884,342.0,108.5940191420682
2.0,29.8,1519.261,2.591648,3.940006,28.0,4.005346,2.566935,344.0,108.63072823995746
2.0,29.8,1516.982,2.59917,4.101178,28.0,3.905158,2.595946,346.0,108.62765087432396
2.0,29.8,1514.774,2.56801,3.974854,28.0,4.02277,2.579829,348.0,108.66471814541048
2.0,29.8,1512.498,2.615287,4.096822,28.0,4.118602,2.612064,350.0,108.60431844890331
2.0,29.8,1510.258,2.598095,4.031482,28.0,3.974854,2.584127,352.0,108.62566995725348
2.0,29.7,1508.043,2.631404,3.987922,28.0,4.101178,2.612064,354.0,109.26318900972451
2.0,29.7,1505.796,2.592723,4.04455,28.0,4.249282,2.580904,356.0,109.31983154248913
2.0,29.7,1503.542,2.603468,4.057618,28.0,4.057618,2.601319,358.0,109.3057604525973
2.0,29.7,1501.232,2.57768,4.157807,28.0,4.018414,2.571233,360.0,109.34886550043738
2.0,29.6,1498.96,2.595946,4.08811,28.0,3.974854,2.585202,362.0,110.01065261443618
2.0,29.6,1496.687,2.583052,4.092466,28.0,3.974854,2.569084,364.0,110.031806762045
2.0,29.6,1494.452,2.555116,4.02277,28.0,4.070686,2.542222,366.0,110.07525536376816
2.0,29.6,1489.856,2.614213,4.179586,28.0,4.188299,2.602393,370.0,109.9840454626407
2.0,29.6,1487.639,2.584127,3.992279,28.0,4.048906,2.564786,372.0,110.0253888831229
2.0,29.6,1485.304,2.613138,4.201366,28.0,3.987922,2.573382,374.0,109.98845318586396
2.0,29.6,1483.055,2.581978,4.048906,28.0,4.06633,2.572308,376.0,110.0308638162808
2.0,29.6,1480.84,2.613138,3.987922,28.0,3.974854,2.602393,378.0,109.9792137793064
2.0,29.6,1478.566,2.580904,4.092466,28.0,3.970499,2.572308,380.0,110.03507417876274
2.0,29.6,1476.263,2.597021,4.144739,28.0,4.070686,2.586276,382.0,110.01032367986728
2.0,29.6,1473.978,2.57768,4.114246,28.0,4.075042,2.561563,384.0,110.04060027952026
2.0,29.6,1471.697,2.609915,4.105534,28.0,3.953074,2.595946,386.0,109.98910374534468
2.0,29.6,1469.457,2.581978,4.031482,28.0,4.096822,2.572308,388.0,110.02976736771782
2.0,29.6,1467.205,2.564786,4.053262,28.0,3.983567,2.478828,390.0,110.06133046701808
2.0,29.6,1464.953,2.575531,4.053262,28.0,4.048906,2.521807,392.0,110.04225226202183
2.0,29.6,1462.428,2.563712,4.545491,28.0,3.992279,2.558339,394.0,110.08519649740605
2.0,29.6,1460.179,2.658266,4.048906,28.0,4.040194,2.644298,396.0,109.91355843935392
2.0,29.6,1457.956,2.631404,4.00099,28.0,4.092466,2.622808,398.0,109.95062571044043
2.0,29.6,1455.348,2.658266,4.693595,28.0,4.075042,2.645372,400.0,109.94393737420612
2.0,29.6,1453.031,2.613138,4.170875,28.0,4.057618,2.605617,402.0,109.98577054171317
2.0,29.6,1450.745,2.643224,4.114246,28.0,4.035838,2.631404,404.0,109.9379726940234
2.0,29.6,1448.414,2.627106,4.197011,28.0,4.075042,2.61851,406.0,109.96525233427089
2.0,29.6,1446.16,2.641074,4.057618,28.0,4.048906,2.629255,408.0,109.93867442110373
2.0,29.6,1443.917,2.59917,4.035838,28.0,4.136027,2.595946,410.0,110.00140589822152
2.0,29.6,1441.641,2.583052,4.096822,28.0,3.957429,2.56801,412.0,110.03145589850484
2.0,29.6,1439.397,2.609915,4.040194,28.0,4.136027,2.595946,414.0,109.98471064143558
2.0,29.6,1437.109,2.648596,4.118602,28.0,4.02277,2.632478,416.0,109.93025369613989
2.0,29.6,1434.859,2.594872,4.048906,28.0,4.096822,2.584127,418.0,110.0091029671338
2.0,29.6,1432.579,2.595946,4.105534,28.0,3.735274,2.586276,420.0,110.01236307419444
2.0,29.6,1430.353,2.57768,4.005346,28.0,4.253638,2.571233,422.0,110.0341604716269
2.0,29.5,1428.075,2.532552,4.101178,28.0,4.070686,2.526105,424.0,110.8257451665137
2.0,29.5,1425.794,2.451966,4.105534,28.0,4.083754,2.439072,426.0,110.99646951742996
2.0,29.5,1423.537,2.533626,4.061974,28.0,3.987922,2.52503,428.0,110.82266049122312
2.0,29.5,1421.324,2.521807,3.983567,28.0,4.057618,2.500317,430.0,110.84266702266936
2.0,29.5,1419.08,2.561563,4.040194,28.0,4.061974,2.544371,432.0,110.7677795858164
2.0,29.5,1416.806,2.54652,4.092466,28.0,3.926938,2.533626,434.0,110.7993134464883
2.0,29.5,1414.525,2.548669,4.105534,28.0,3.948717,2.537924,436.0,110.79548318617488
2.0,29.5,1412.269,2.509988,4.061974,28.0,4.101178,2.507839,438.0,110.868952549553
2.0,29.5,1409.937,2.54652,4.197011,28.0,4.175231,2.53685,440.0,110.8016232981277
2.0,29.5,1407.714,2.573382,4.00099,28.0,4.179586,2.566935,442.0,110.74324106697644
2.0,29.5,1405.496,2.566935,3.992279,28.0,4.014058,2.55619,444.0,110.75604027653522
2.0,29.5,1403.3,2.533626,3.953074,28.0,3.953074,2.52503,446.0,110.8184574383983
2.0,29.5,1401.075,2.543297,4.005346,28.0,3.879022,2.534701,448.0,110.8021642127521
2.0,29.5,1398.826,2.584127,4.048906,28.0,4.257994,2.569084,450.0,110.72508387877316
2.0,29.5,1396.591,2.627106,4.02277,28.0,3.974854,2.620659,452.0,110.6519069016785
2.0,29.5,1394.351,3.57265,4.031482,28.0,4.101178,3.593065,454.0,109.93887909150216
2.0,29.5,1392.066,3.576947,4.114246,28.0,3.996634,3.558681,456.0,109.94207341164903
2.0,29.5,1389.804,3.521075,4.070686,28.0,4.10989,3.508181,458.0,109.95337414150502
2.0,29.5,1387.552,3.535043,4.053262,28.0,4.096822,3.514627,460.0,109.9491053017664
2.0,29.5,1385.279,3.555458,4.092466,28.0,4.018414,3.52967,462.0,109.94608641338962
2.0,29.5,1383.07,3.600586,3.974854,28.0,4.070686,3.581245,464.0,109.93053146310918
2.0,29.5,1380.794,3.506032,4.096822,28.0,4.075042,3.473797,466.0,109.95866633323578
2.0,29.5,1378.552,3.170794,4.035838,28.0,4.053262,3.162198,468.0,110.09157051838562
2.0,29.5,1376.329,2.526105,4.00099,28.0,4.105534,2.513211,470.0,110.83365421548147
2.0,29.5,1374.085,2.569084,4.040194,28.0,4.118602,2.561563,472.0,110.75266321496116
2.0,29.5,1371.802,2.52503,4.10989,28.0,4.00099,2.513211,474.0,110.84090539531144
2.0,29.5,1369.521,2.513211,4.105534,28.0,4.00099,2.506764,476.0,110.86444980078764
2.0,29.5,1365.764,1.632137,6.762697,28.0,6.762697,1.620317,478.0,115.06232007874864
2.0,29.5,1363.529,2.526105,4.02277,28.0,4.092466,2.527179,480.0,110.8342389880484
2.0,29.5,1361.219,2.728107,4.157807,28.0,4.02277,2.724884,482.0,110.50387903601634
2.0,29.5,1358.955,2.73348,4.075042,28.0,4.144739,2.722735,484.0,110.49247597096114
2.0,29.5,1356.73,2.655043,4.005346,28.0,4.257994,2.63033,486.0,110.6039263125616
2.0,29.5,1354.536,2.620659,3.948717,28.0,3.656866,2.609915,488.0,110.66181148703096
2.0,29.5,1352.079,2.663639,4.423522,28.0,4.114246,2.64,490.0,110.60923312360651
2.0,29.5,1349.754,2.64,4.183942,28.0,3.987922,2.631404,492.0,110.63664433768156
2.0,29.5,1347.481,2.644298,4.092466,28.0,3.974854,2.63033,494.0,110.62611112181963
2.0,29.5,1345.154,2.670086,4.188299,28.0,4.027126,2.663639,496.0,110.58909501833276
2.0,29.5,1342.994,2.666862,3.887734,28.0,3.909514,2.660415,498.0,110.58318881540671
2.0,29.5,1340.614,2.713065,4.28413,28.0,4.005346,2.698022,500.0,110.53018649187128
2.0,29.5,1338.336,2.64967,4.101178,28.0,4.105534,2.656117,502.0,110.6165427806932
2.0,29.5,1336.05,2.73348,4.114246,28.0,3.761409,2.722735,504.0,110.4963281602458
2.0,29.5,1333.759,2.699096,4.122958,28.0,4.083754,2.681905,506.0,110.54281757931705
2.0,29.5,1331.527,2.689426,4.018414,28.0,3.983567,2.652894,508.0,110.55376744563289
2.0,29.6,1329.326,2.667937,3.961787,28.0,4.005346,2.66149,510.0,109.8949334330971
2.0,29.6,1327.079,2.667937,4.04455,28.0,4.227502,2.662564,512.0,109.89666582182664
2.0,29.6,1324.716,2.700171,4.253638,28.0,3.909514,2.688352,514.0,109.8636700297374
2.0,29.6,1322.464,2.771087,4.053262,28.0,4.101178,2.771087,516.0,109.76564752820516
2.0,29.6,1320.195,2.684054,4.083754,28.0,4.005346,2.675458,518.0,109.87736832711784
2.0,29.6,1317.96,2.693724,4.02277,28.0,4.005346,2.681905,520.0,109.8618133768374
2.0,29.6,1315.764,2.561563,3.953074,28.0,3.526186,2.555116,522.0,110.06338448065942
2.0,29.6,1313.665,2.620659,3.778833,28.0,4.127314,2.598095,524.0,109.95689008656372
2.0,29.6,1311.425,2.821587,4.031482,28.0,4.040194,2.777534,526.0,109.70961900663583
2.0,29.5,1308.96,2.871013,4.43659,28.0,4.018414,2.860269,528.0,110.34386333273204
2.0,29.5,1306.602,2.872088,4.244926,28.0,4.096822,2.802247,530.0,110.3345654489178
2.0,29.5,1304.372,2.932259,4.014058,28.0,4.08811,2.917216,532.0,110.26526989973615
2.0,29.5,1302.166,2.911844,3.970499,28.0,4.140383,2.900024,534.0,110.28248414217528
2.0,29.5,1299.922,2.906471,4.040194,28.0,4.02277,2.902173,536.0,110.29099258302416
2.0,29.5,1297.595,2.891429,4.188299,28.0,4.15345,2.888205,538.0,110.31116723658336
2.0,29.5,1295.256,2.974164,4.210078,28.0,4.179586,2.96127,540.0,110.23557807265011
2.0,29.5,1293.007,2.887131,4.048906,28.0,3.974854,2.872088,542.0,110.31086754064282
2.0,29.5,1290.721,2.921514,4.114246,28.0,4.048906,2.90862,544.0,110.27942870551304
2.0,29.5,1288.471,2.940855,4.048906,28.0,4.014058,2.934408,546.0,110.25890318841368
2.0,29.5,1286.261,2.90862,3.979211,28.0,4.092466,2.900024,548.0,110.2859708486056
2.0,29.5,1284.028,2.956972,4.018414,28.0,4.057618,2.920439,550.0,110.24328245121946
2.0,29.4,1281.794,3.008547,4.02277,28.0,4.035838,2.991355,552.0,110.85983740716593
2.0,29.4,1279.549,2.915067,4.040194,28.0,3.974854,2.896801,554.0,110.95014091081464
2.0,29.4,1277.343,2.907546,3.970499,28.0,3.996634,2.897876,556.0,110.95513340660486
2.0,29.4,1275.195,2.99243,3.865954,28.0,4.070686,2.974164,558.0,110.86770990784828
2.0,29.4,1272.943,2.94945,4.053262,28.0,3.887734,2.905397,560.0,110.91658227512976
1.0,27.9,2497.533,3.100952,4.440946,28.0,4.45837,3.078388,52.0,124.38363865361322
1.0,27.9,2495.015,3.133187,4.532423,28.0,4.332047,3.111697,54.0,124.25141426657244
1.0,27.9,2492.548,3.119219,4.440946,28.0,4.371251,3.099878,56.0,124.30944563418352
1.0,27.9,2490.052,3.092357,4.493219,28.0,4.867835,3.134261,58.0,124.41483627005913
1.0,27.9,2487.534,2.607765,4.532423,28.0,4.501931,2.594872,60.0,127.27801433159374
1.0,27.9,2485.107,3.03326,4.366895,28.0,4.440946,3.078388,62.0,124.6822966228604
1.0,27.9,2482.584,3.084835,4.541135,28.0,4.310267,3.111697,64.0,124.4475323662078
1.0,27.9,2480.146,3.021441,4.388674,28.0,4.371251,3.005323,66.0,124.73793773260412
1.0,27.9,2477.675,3.133187,4.449658,28.0,4.45837,3.099878,68.0,124.25332939672914
1.0,27.9,2475.168,3.093431,4.510643,28.0,4.454014,3.062271,70.0,124.41232174802133
1.0,28.0,2472.626,3.146081,4.575983,28.0,4.43659,3.125665,72.0,123.04755029268324
1.0,27.9,2470.21,3.118144,4.349471,28.0,4.45837,3.099878,74.0,124.31610473178948
1.0,27.9,2467.701,3.099878,4.514999,28.0,4.419166,3.088058,76.0,124.3850201788026
1.0,27.9,2465.198,3.127814,4.506287,28.0,4.558558,3.084835,78.0,124.27207866715644
1.0,27.9,2462.687,3.135336,4.519355,28.0,4.406098,3.111697,80.0,124.24251841389795
1.0,27.9,2460.21,3.3642,4.45837,28.0,4.388674,3.338413,82.0,123.5166036782778
1.0,27.9,2457.753,3.215922,4.423522,28.0,4.393031,3.187985,84.0,123.95302675463746
1.0,27.9,2455.327,3.09558,4.366895,28.0,4.45837,3.071941,86.0,124.40785554754136
1.0,27.9,2452.995,3.097729,4.197011,28.0,4.358183,3.077314,88.0,124.40572843732912
1.0,27.9,2450.518,3.158974,4.45837,28.0,4.558558,3.127814,90.0,124.15342100366853
1.0,27.9,2448.053,3.746716,4.43659,28.0,4.45837,3.70696,92.0,122.83847217103325
1.0,27.9,2445.576,3.142857,4.45837,28.0,4.532423,3.060122,94.0,124.2152972509072
1.0,27.9,2443.034,3.09558,4.575983,28.0,4.536779,3.091282,96.0,124.3997783764606
1.0,27.9,2440.569,3.111697,4.43659,28.0,4.332047,3.110623,98.0,124.33888893292864
1.0,27.9,2438.114,4.194774,4.419166,28.0,4.514999,4.176508,100.0,122.52497559790012
1.0,27.9,2435.596,3.140708,4.532423,28.0,4.345115,3.12674,102.0,124.22091106754976
1.0,27.9,2433.165,3.106325,4.375607,28.0,4.388674,3.077314,104.0,124.36296694337211
1.0,27.9,2430.766,3.084835,4.318979,28.0,4.214434,3.049377,106.0,124.4559165428862
1.0,27.9,2428.325,3.093431,4.393031,28.0,4.663103,3.069793,108.0,124.4144634775477
1.0,27.9,2425.802,3.077314,4.541135,28.0,4.28413,3.050452,110.0,124.47956328356159
